"Series Code","Topic","Indicator Name","Short definition","Long definition","Unit of measure","Periodicity","Base Period","Other notes","Aggregation method","Limitations and exceptions","Notes from original source","General comments","Source","Statistical concept and methodology","Development relevance","Related source links","Other web links","Related indicators","License Type",
"CC.EST","","Control of Corruption: Estimate","","Control of Corruption captures perceptions of the extent to which public power is exercised for private gain, including both petty and grand forms of corruption, as well as ""capture"" of the state by elites and private interests. Estimate gives the country's score on the aggregate indicator, in units of a standard normal distribution, i.e. ranging from approximately -2.5 to 2.5.","","Annual","","","","","","","Detailed documentation of the WGI, interactive tools for exploring the data, and full access to the underlying source data available at www.govindicators.org.The WGI are produced by Daniel Kaufmann (Natural Resource Governance Institute and Brookings Institution) and Aart Kraay (World Bank Development Research Group).  Please cite Kaufmann, Daniel, Aart Kraay and Massimo Mastruzzi (2010).  ""The Worldwide Governance Indicators:  Methodology and Analytical Issues"".  World Bank Policy Research Working Paper No. 5430 (http://papers.ssrn.com/sol3/papers.cfm?abstract_id=1682130).  The WGI do not reflect the official views of the Natural Resource Governance Institute, the Brookings Institution, the World Bank, its Executive Directors, or the countries they represent.","","","","","","",
"CC.NO.SRC","","Control of Corruption: Number of Sources","","Control of Corruption captures perceptions of the extent to which public power is exercised for private gain, including both petty and grand forms of corruption, as well as ""capture"" of the state by elites and private interests. Number of sources indicates the number of underlying data sources on which the aggregate estimate is based.","","Annual","","","","","","","Detailed documentation of the WGI, interactive tools for exploring the data, and full access to the underlying source data available at www.govindicators.org.The WGI are produced by Daniel Kaufmann (Natural Resource Governance Institute and Brookings Institution) and Aart Kraay (World Bank Development Research Group).  Please cite Kaufmann, Daniel, Aart Kraay and Massimo Mastruzzi (2010).  ""The Worldwide Governance Indicators:  Methodology and Analytical Issues"".  World Bank Policy Research Working Paper No. 5430 (http://papers.ssrn.com/sol3/papers.cfm?abstract_id=1682130).  The WGI do not reflect the official views of the Natural Resource Governance Institute, the Brookings Institution, the World Bank, its Executive Directors, or the countries they represent.","","","","","","",
"CC.PER.RNK","","Control of Corruption: Percentile Rank","","Control of Corruption captures perceptions of the extent to which public power is exercised for private gain, including both petty and grand forms of corruption, as well as ""capture"" of the state by elites and private interests.  Percentile rank indicates the country's rank among all countries covered by the aggregate indicator, with 0 corresponding to lowest rank, and 100 to highest rank.  Percentile ranks have been adjusted to correct for changes over time in the composition of the countries covered by the WGI.","","Annual","","","","","","","Detailed documentation of the WGI, interactive tools for exploring the data, and full access to the underlying source data available at www.govindicators.org.The WGI are produced by Daniel Kaufmann (Natural Resource Governance Institute and Brookings Institution) and Aart Kraay (World Bank Development Research Group).  Please cite Kaufmann, Daniel, Aart Kraay and Massimo Mastruzzi (2010).  ""The Worldwide Governance Indicators:  Methodology and Analytical Issues"".  World Bank Policy Research Working Paper No. 5430 (http://papers.ssrn.com/sol3/papers.cfm?abstract_id=1682130).  The WGI do not reflect the official views of the Natural Resource Governance Institute, the Brookings Institution, the World Bank, its Executive Directors, or the countries they represent.","","","","","","",
"CC.PER.RNK.LOWER","","Control of Corruption: Percentile Rank, Lower Bound of 90% Confidence Interval","","Control of Corruption captures perceptions of the extent to which public power is exercised for private gain, including both petty and grand forms of corruption, as well as ""capture"" of the state by elites and private interests.  Percentile rank indicates the country's rank among all countries covered by the aggregate indicator, with 0 corresponding to lowest rank, and 100 to highest rank.  Percentile ranks have been adjusted to correct for changes over time in the composition of the countries covered by the WGI.  Percentile Rank Lower refers to lower bound of 90 percent confidence interval for governance, expressed in percentile rank terms.","","Annual","","","","","","","Detailed documentation of the WGI, interactive tools for exploring the data, and full access to the underlying source data available at www.govindicators.org.The WGI are produced by Daniel Kaufmann (Natural Resource Governance Institute and Brookings Institution) and Aart Kraay (World Bank Development Research Group).  Please cite Kaufmann, Daniel, Aart Kraay and Massimo Mastruzzi (2010).  ""The Worldwide Governance Indicators:  Methodology and Analytical Issues"".  World Bank Policy Research Working Paper No. 5430 (http://papers.ssrn.com/sol3/papers.cfm?abstract_id=1682130).  The WGI do not reflect the official views of the Natural Resource Governance Institute, the Brookings Institution, the World Bank, its Executive Directors, or the countries they represent.","","","","","","",
"CC.PER.RNK.UPPER","","Control of Corruption: Percentile Rank, Upper Bound of 90% Confidence Interval","","Control of Corruption captures perceptions of the extent to which public power is exercised for private gain, including both petty and grand forms of corruption, as well as ""capture"" of the state by elites and private interests.  Percentile rank indicates the country's rank among all countries covered by the aggregate indicator, with 0 corresponding to lowest rank, and 100 to highest rank.  Percentile ranks have been adjusted to correct for changes over time in the composition of the countries covered by the WGI.  Percentile Rank Upper refers to upper bound of 90 percent confidence interval for governance, expressed in percentile rank terms.","","Annual","","","","","","","Detailed documentation of the WGI, interactive tools for exploring the data, and full access to the underlying source data available at www.govindicators.org.The WGI are produced by Daniel Kaufmann (Natural Resource Governance Institute and Brookings Institution) and Aart Kraay (World Bank Development Research Group).  Please cite Kaufmann, Daniel, Aart Kraay and Massimo Mastruzzi (2010).  ""The Worldwide Governance Indicators:  Methodology and Analytical Issues"".  World Bank Policy Research Working Paper No. 5430 (http://papers.ssrn.com/sol3/papers.cfm?abstract_id=1682130).  The WGI do not reflect the official views of the Natural Resource Governance Institute, the Brookings Institution, the World Bank, its Executive Directors, or the countries they represent.","","","","","","",
"CC.STD.ERR","","Control of Corruption: Standard Error","","Control of Corruption captures perceptions of the extent to which public power is exercised for private gain, including both petty and grand forms of corruption, as well as ""capture"" of the state by elites and private interests.   Standard error indicates the precision of the estimate of governance.  Larger values of the standard error indicate less precise estimates.  A 90 percent confidence interval for the governance estimate is given by the estimate +/- 1.64 times the standard error.","","Annual","","","","","","","Detailed documentation of the WGI, interactive tools for exploring the data, and full access to the underlying source data available at www.govindicators.org.The WGI are produced by Daniel Kaufmann (Natural Resource Governance Institute and Brookings Institution) and Aart Kraay (World Bank Development Research Group).  Please cite Kaufmann, Daniel, Aart Kraay and Massimo Mastruzzi (2010).  ""The Worldwide Governance Indicators:  Methodology and Analytical Issues"".  World Bank Policy Research Working Paper No. 5430 (http://papers.ssrn.com/sol3/papers.cfm?abstract_id=1682130).  The WGI do not reflect the official views of the Natural Resource Governance Institute, the Brookings Institution, the World Bank, its Executive Directors, or the countries they represent.","","","","","","",
"GE.EST","","Government Effectiveness: Estimate","","Government Effectiveness captures perceptions of the quality of public services, the quality of the civil service and the degree of its independence from political pressures, the quality of policy formulation and implementation, and the credibility of the government's commitment to such policies. Estimate gives the country's score on the aggregate indicator, in units of a standard normal distribution, i.e. ranging from approximately -2.5 to 2.5.","","Annual","","","","","","","Detailed documentation of the WGI, interactive tools for exploring the data, and full access to the underlying source data available at www.govindicators.org.The WGI are produced by Daniel Kaufmann (Natural Resource Governance Institute and Brookings Institution) and Aart Kraay (World Bank Development Research Group).  Please cite Kaufmann, Daniel, Aart Kraay and Massimo Mastruzzi (2010).  ""The Worldwide Governance Indicators:  Methodology and Analytical Issues"".  World Bank Policy Research Working Paper No. 5430 (http://papers.ssrn.com/sol3/papers.cfm?abstract_id=1682130).  The WGI do not reflect the official views of the Natural Resource Governance Institute, the Brookings Institution, the World Bank, its Executive Directors, or the countries they represent.","","","","","","",
"GE.NO.SRC","","Government Effectiveness: Number of Sources","","Government Effectiveness captures perceptions of the quality of public services, the quality of the civil service and the degree of its independence from political pressures, the quality of policy formulation and implementation, and the credibility of the government's commitment to such policies.  Number of sources indicates the number of underlying data sources on which the aggregate estimate is based.","","Annual","","","","","","","Detailed documentation of the WGI, interactive tools for exploring the data, and full access to the underlying source data available at www.govindicators.org.The WGI are produced by Daniel Kaufmann (Natural Resource Governance Institute and Brookings Institution) and Aart Kraay (World Bank Development Research Group).  Please cite Kaufmann, Daniel, Aart Kraay and Massimo Mastruzzi (2010).  ""The Worldwide Governance Indicators:  Methodology and Analytical Issues"".  World Bank Policy Research Working Paper No. 5430 (http://papers.ssrn.com/sol3/papers.cfm?abstract_id=1682130).  The WGI do not reflect the official views of the Natural Resource Governance Institute, the Brookings Institution, the World Bank, its Executive Directors, or the countries they represent.","","","","","","",
"GE.PER.RNK","","Government Effectiveness: Percentile Rank","","Government Effectiveness captures perceptions of the quality of public services, the quality of the civil service and the degree of its independence from political pressures, the quality of policy formulation and implementation, and the credibility of the government's commitment to such policies. Percentile rank indicates the country's rank among all countries covered by the aggregate indicator, with 0 corresponding to lowest rank, and 100 to highest rank.  Percentile ranks have been adjusted to correct for changes over time in the composition of the countries covered by the WGI.","","Annual","","","","","","","Detailed documentation of the WGI, interactive tools for exploring the data, and full access to the underlying source data available at www.govindicators.org.The WGI are produced by Daniel Kaufmann (Natural Resource Governance Institute and Brookings Institution) and Aart Kraay (World Bank Development Research Group).  Please cite Kaufmann, Daniel, Aart Kraay and Massimo Mastruzzi (2010).  ""The Worldwide Governance Indicators:  Methodology and Analytical Issues"".  World Bank Policy Research Working Paper No. 5430 (http://papers.ssrn.com/sol3/papers.cfm?abstract_id=1682130).  The WGI do not reflect the official views of the Natural Resource Governance Institute, the Brookings Institution, the World Bank, its Executive Directors, or the countries they represent.","","","","","","",
"GE.PER.RNK.LOWER","","Government Effectiveness: Percentile Rank, Lower Bound of 90% Confidence Interval","","Government Effectiveness captures perceptions of the quality of public services, the quality of the civil service and the degree of its independence from political pressures, the quality of policy formulation and implementation, and the credibility of the government's commitment to such policies. Percentile rank indicates the country's rank among all countries covered by the aggregate indicator, with 0 corresponding to lowest rank, and 100 to highest rank.  Percentile ranks have been adjusted to correct for changes over time in the composition of the countries covered by the WGI.  Percentile Rank Lower refers to lower bound of 90 percent confidence interval for governance, expressed in percentile rank terms.","","Annual","","","","","","","Detailed documentation of the WGI, interactive tools for exploring the data, and full access to the underlying source data available at www.govindicators.org.The WGI are produced by Daniel Kaufmann (Natural Resource Governance Institute and Brookings Institution) and Aart Kraay (World Bank Development Research Group).  Please cite Kaufmann, Daniel, Aart Kraay and Massimo Mastruzzi (2010).  ""The Worldwide Governance Indicators:  Methodology and Analytical Issues"".  World Bank Policy Research Working Paper No. 5430 (http://papers.ssrn.com/sol3/papers.cfm?abstract_id=1682130).  The WGI do not reflect the official views of the Natural Resource Governance Institute, the Brookings Institution, the World Bank, its Executive Directors, or the countries they represent.","","","","","","",
"GE.PER.RNK.UPPER","","Government Effectiveness: Percentile Rank, Upper Bound of 90% Confidence Interval","","Government Effectiveness captures perceptions of the quality of public services, the quality of the civil service and the degree of its independence from political pressures, the quality of policy formulation and implementation, and the credibility of the government's commitment to such policies. Percentile rank indicates the country's rank among all countries covered by the aggregate indicator, with 0 corresponding to lowest rank, and 100 to highest rank.  Percentile ranks have been adjusted to correct for changes over time in the composition of the countries covered by the WGI.  Percentile Rank Upper refers to upper bound of 90 percent confidence interval for governance, expressed in percentile rank terms.","","Annual","","","","","","","Detailed documentation of the WGI, interactive tools for exploring the data, and full access to the underlying source data available at www.govindicators.org.The WGI are produced by Daniel Kaufmann (Natural Resource Governance Institute and Brookings Institution) and Aart Kraay (World Bank Development Research Group).  Please cite Kaufmann, Daniel, Aart Kraay and Massimo Mastruzzi (2010).  ""The Worldwide Governance Indicators:  Methodology and Analytical Issues"".  World Bank Policy Research Working Paper No. 5430 (http://papers.ssrn.com/sol3/papers.cfm?abstract_id=1682130).  The WGI do not reflect the official views of the Natural Resource Governance Institute, the Brookings Institution, the World Bank, its Executive Directors, or the countries they represent.","","","","","","",
"GE.STD.ERR","","Government Effectiveness: Standard Error","","Government Effectiveness captures perceptions of the quality of public services, the quality of the civil service and the degree of its independence from political pressures, the quality of policy formulation and implementation, and the credibility of the government's commitment to such policies. Standard error indicates the precision of the estimate of governance.  Larger values of the standard error indicate less precise estimates.  A 90 percent confidence interval for the governance estimate is given by the estimate +/- 1.64 times the standard error.","","Annual","","","","","","","Detailed documentation of the WGI, interactive tools for exploring the data, and full access to the underlying source data available at www.govindicators.org.The WGI are produced by Daniel Kaufmann (Natural Resource Governance Institute and Brookings Institution) and Aart Kraay (World Bank Development Research Group).  Please cite Kaufmann, Daniel, Aart Kraay and Massimo Mastruzzi (2010).  ""The Worldwide Governance Indicators:  Methodology and Analytical Issues"".  World Bank Policy Research Working Paper No. 5430 (http://papers.ssrn.com/sol3/papers.cfm?abstract_id=1682130).  The WGI do not reflect the official views of the Natural Resource Governance Institute, the Brookings Institution, the World Bank, its Executive Directors, or the countries they represent.","","","","","","",
"PV.EST","","Political Stability and Absence of Violence/Terrorism: Estimate","","Political Stability and Absence of Violence/Terrorism measures perceptions of the likelihood of political instability and/or politically-motivated violence, including terrorism. Estimate gives the country's score on the aggregate indicator, in units of a standard normal distribution, i.e. ranging from approximately -2.5 to 2.5.","","Annual","","","","","","","Detailed documentation of the WGI, interactive tools for exploring the data, and full access to the underlying source data available at www.govindicators.org.The WGI are produced by Daniel Kaufmann (Natural Resource Governance Institute and Brookings Institution) and Aart Kraay (World Bank Development Research Group).  Please cite Kaufmann, Daniel, Aart Kraay and Massimo Mastruzzi (2010).  ""The Worldwide Governance Indicators:  Methodology and Analytical Issues"".  World Bank Policy Research Working Paper No. 5430 (http://papers.ssrn.com/sol3/papers.cfm?abstract_id=1682130).  The WGI do not reflect the official views of the Natural Resource Governance Institute, the Brookings Institution, the World Bank, its Executive Directors, or the countries they represent.","","","","","","",
"PV.NO.SRC","","Political Stability and Absence of Violence/Terrorism: Number of Sources","","Political Stability and Absence of Violence/Terrorism measures perceptions of the likelihood of political instability and/or politically-motivated violence, including terrorism.   Number of sources indicates the number of underlying data sources on which the aggregate estimate is based.","","Annual","","","","","","","Detailed documentation of the WGI, interactive tools for exploring the data, and full access to the underlying source data available at www.govindicators.org.The WGI are produced by Daniel Kaufmann (Natural Resource Governance Institute and Brookings Institution) and Aart Kraay (World Bank Development Research Group).  Please cite Kaufmann, Daniel, Aart Kraay and Massimo Mastruzzi (2010).  ""The Worldwide Governance Indicators:  Methodology and Analytical Issues"".  World Bank Policy Research Working Paper No. 5430 (http://papers.ssrn.com/sol3/papers.cfm?abstract_id=1682130).  The WGI do not reflect the official views of the Natural Resource Governance Institute, the Brookings Institution, the World Bank, its Executive Directors, or the countries they represent.","","","","","","",
"PV.PER.RNK","","Political Stability and Absence of Violence/Terrorism: Percentile Rank","","Political Stability and Absence of Violence/Terrorism measures perceptions of the likelihood of political instability and/or politically-motivated violence, including terrorism.  Percentile rank indicates the country's rank among all countries covered by the aggregate indicator, with 0 corresponding to lowest rank, and 100 to highest rank.  Percentile ranks have been adjusted to correct for changes over time in the composition of the countries covered by the WGI.","","Annual","","","","","","","Detailed documentation of the WGI, interactive tools for exploring the data, and full access to the underlying source data available at www.govindicators.org.The WGI are produced by Daniel Kaufmann (Natural Resource Governance Institute and Brookings Institution) and Aart Kraay (World Bank Development Research Group).  Please cite Kaufmann, Daniel, Aart Kraay and Massimo Mastruzzi (2010).  ""The Worldwide Governance Indicators:  Methodology and Analytical Issues"".  World Bank Policy Research Working Paper No. 5430 (http://papers.ssrn.com/sol3/papers.cfm?abstract_id=1682130).  The WGI do not reflect the official views of the Natural Resource Governance Institute, the Brookings Institution, the World Bank, its Executive Directors, or the countries they represent.","","","","","","",
"PV.PER.RNK.LOWER","","Political Stability and Absence of Violence/Terrorism: Percentile Rank, Lower Bound of 90% Confidence Interval","","Political Stability and Absence of Violence/Terrorism measures perceptions of the likelihood of political instability and/or politically-motivated violence, including terrorism.  Percentile rank indicates the country's rank among all countries covered by the aggregate indicator, with 0 corresponding to lowest rank, and 100 to highest rank.  Percentile ranks have been adjusted to correct for changes over time in the composition of the countries covered by the WGI.  Percentile Rank Lower refers to lower bound of 90 percent confidence interval for governance, expressed in percentile rank terms.","","Annual","","","","","","","Detailed documentation of the WGI, interactive tools for exploring the data, and full access to the underlying source data available at www.govindicators.org.The WGI are produced by Daniel Kaufmann (Natural Resource Governance Institute and Brookings Institution) and Aart Kraay (World Bank Development Research Group).  Please cite Kaufmann, Daniel, Aart Kraay and Massimo Mastruzzi (2010).  ""The Worldwide Governance Indicators:  Methodology and Analytical Issues"".  World Bank Policy Research Working Paper No. 5430 (http://papers.ssrn.com/sol3/papers.cfm?abstract_id=1682130).  The WGI do not reflect the official views of the Natural Resource Governance Institute, the Brookings Institution, the World Bank, its Executive Directors, or the countries they represent.","","","","","","",
"PV.PER.RNK.UPPER","","Political Stability and Absence of Violence/Terrorism: Percentile Rank, Upper Bound of 90% Confidence Interval","","Political Stability and Absence of Violence/Terrorism measures perceptions of the likelihood of political instability and/or politically-motivated violence, including terrorism.  Percentile rank indicates the country's rank among all countries covered by the aggregate indicator, with 0 corresponding to lowest rank, and 100 to highest rank.  Percentile ranks have been adjusted to correct for changes over time in the composition of the countries covered by the WGI.  Percentile Rank Upper refers to upper bound of 90 percent confidence interval for governance, expressed in percentile rank terms.","","Annual","","","","","","","Detailed documentation of the WGI, interactive tools for exploring the data, and full access to the underlying source data available at www.govindicators.org.The WGI are produced by Daniel Kaufmann (Natural Resource Governance Institute and Brookings Institution) and Aart Kraay (World Bank Development Research Group).  Please cite Kaufmann, Daniel, Aart Kraay and Massimo Mastruzzi (2010).  ""The Worldwide Governance Indicators:  Methodology and Analytical Issues"".  World Bank Policy Research Working Paper No. 5430 (http://papers.ssrn.com/sol3/papers.cfm?abstract_id=1682130).  The WGI do not reflect the official views of the Natural Resource Governance Institute, the Brookings Institution, the World Bank, its Executive Directors, or the countries they represent.","","","","","","",
"PV.STD.ERR","","Political Stability and Absence of Violence/Terrorism: Standard Error","","Political Stability and Absence of Violence/Terrorism measures perceptions of the likelihood of political instability and/or politically-motivated violence, including terrorism.  Standard error indicates the precision of the estimate of governance.  Larger values of the standard error indicate less precise estimates.  A 90 percent confidence interval for the governance estimate is given by the estimate +/- 1.64 times the standard error.","","Annual","","","","","","","Detailed documentation of the WGI, interactive tools for exploring the data, and full access to the underlying source data available at www.govindicators.org.The WGI are produced by Daniel Kaufmann (Natural Resource Governance Institute and Brookings Institution) and Aart Kraay (World Bank Development Research Group).  Please cite Kaufmann, Daniel, Aart Kraay and Massimo Mastruzzi (2010).  ""The Worldwide Governance Indicators:  Methodology and Analytical Issues"".  World Bank Policy Research Working Paper No. 5430 (http://papers.ssrn.com/sol3/papers.cfm?abstract_id=1682130).  The WGI do not reflect the official views of the Natural Resource Governance Institute, the Brookings Institution, the World Bank, its Executive Directors, or the countries they represent.","","","","","","",
"RL.EST","","Rule of Law: Estimate","","Rule of Law captures perceptions of the extent to which agents have confidence in and abide by the rules of society, and in particular the quality of contract enforcement, property rights, the police, and the courts, as well as the likelihood of crime and violence. Estimate gives the country's score on the aggregate indicator, in units of a standard normal distribution, i.e. ranging from approximately -2.5 to 2.5.","","Annual","","","","","","","Detailed documentation of the WGI, interactive tools for exploring the data, and full access to the underlying source data available at www.govindicators.org.The WGI are produced by Daniel Kaufmann (Natural Resource Governance Institute and Brookings Institution) and Aart Kraay (World Bank Development Research Group).  Please cite Kaufmann, Daniel, Aart Kraay and Massimo Mastruzzi (2010).  ""The Worldwide Governance Indicators:  Methodology and Analytical Issues"".  World Bank Policy Research Working Paper No. 5430 (http://papers.ssrn.com/sol3/papers.cfm?abstract_id=1682130).  The WGI do not reflect the official views of the Natural Resource Governance Institute, the Brookings Institution, the World Bank, its Executive Directors, or the countries they represent.","","","","","","",
"RL.NO.SRC","","Rule of Law: Number of Sources","","Rule of Law captures perceptions of the extent to which agents have confidence in and abide by the rules of society, and in particular the quality of contract enforcement, property rights, the police, and the courts, as well as the likelihood of crime and violence. Number of sources indicates the number of underlying data sources on which the aggregate estimate is based.","","Annual","","","","","","","Detailed documentation of the WGI, interactive tools for exploring the data, and full access to the underlying source data available at www.govindicators.org.The WGI are produced by Daniel Kaufmann (Natural Resource Governance Institute and Brookings Institution) and Aart Kraay (World Bank Development Research Group).  Please cite Kaufmann, Daniel, Aart Kraay and Massimo Mastruzzi (2010).  ""The Worldwide Governance Indicators:  Methodology and Analytical Issues"".  World Bank Policy Research Working Paper No. 5430 (http://papers.ssrn.com/sol3/papers.cfm?abstract_id=1682130).  The WGI do not reflect the official views of the Natural Resource Governance Institute, the Brookings Institution, the World Bank, its Executive Directors, or the countries they represent.","","","","","","",
"RL.PER.RNK","","Rule of Law: Percentile Rank","","Rule of Law captures perceptions of the extent to which agents have confidence in and abide by the rules of society, and in particular the quality of contract enforcement, property rights, the police, and the courts, as well as the likelihood of crime and violence. Percentile rank indicates the country's rank among all countries covered by the aggregate indicator, with 0 corresponding to lowest rank, and 100 to highest rank.  Percentile ranks have been adjusted to correct for changes over time in the composition of the countries covered by the WGI.","","Annual","","","","","","","Detailed documentation of the WGI, interactive tools for exploring the data, and full access to the underlying source data available at www.govindicators.org.The WGI are produced by Daniel Kaufmann (Natural Resource Governance Institute and Brookings Institution) and Aart Kraay (World Bank Development Research Group).  Please cite Kaufmann, Daniel, Aart Kraay and Massimo Mastruzzi (2010).  ""The Worldwide Governance Indicators:  Methodology and Analytical Issues"".  World Bank Policy Research Working Paper No. 5430 (http://papers.ssrn.com/sol3/papers.cfm?abstract_id=1682130).  The WGI do not reflect the official views of the Natural Resource Governance Institute, the Brookings Institution, the World Bank, its Executive Directors, or the countries they represent.","","","","","","",
"RL.PER.RNK.LOWER","","Rule of Law: Percentile Rank, Lower Bound of 90% Confidence Interval","","Rule of Law captures perceptions of the extent to which agents have confidence in and abide by the rules of society, and in particular the quality of contract enforcement, property rights, the police, and the courts, as well as the likelihood of crime and violence. Percentile rank indicates the country's rank among all countries covered by the aggregate indicator, with 0 corresponding to lowest rank, and 100 to highest rank.  Percentile ranks have been adjusted to correct for changes over time in the composition of the countries covered by the WGI.  Percentile Rank Lower refers to lower bound of 90 percent confidence interval for governance, expressed in percentile rank terms.","","Annual","","","","","","","Detailed documentation of the WGI, interactive tools for exploring the data, and full access to the underlying source data available at www.govindicators.org.The WGI are produced by Daniel Kaufmann (Natural Resource Governance Institute and Brookings Institution) and Aart Kraay (World Bank Development Research Group).  Please cite Kaufmann, Daniel, Aart Kraay and Massimo Mastruzzi (2010).  ""The Worldwide Governance Indicators:  Methodology and Analytical Issues"".  World Bank Policy Research Working Paper No. 5430 (http://papers.ssrn.com/sol3/papers.cfm?abstract_id=1682130).  The WGI do not reflect the official views of the Natural Resource Governance Institute, the Brookings Institution, the World Bank, its Executive Directors, or the countries they represent.","","","","","","",
"RL.PER.RNK.UPPER","","Rule of Law: Percentile Rank, Upper Bound of 90% Confidence Interval","","Rule of Law captures perceptions of the extent to which agents have confidence in and abide by the rules of society, and in particular the quality of contract enforcement, property rights, the police, and the courts, as well as the likelihood of crime and violence. Percentile rank indicates the country's rank among all countries covered by the aggregate indicator, with 0 corresponding to lowest rank, and 100 to highest rank.  Percentile ranks have been adjusted to correct for changes over time in the composition of the countries covered by the WGI.    Percentile Rank Upper refers to upper bound of 90 percent confidence interval for governance, expressed in percentile rank terms.","","Annual","","","","","","","Detailed documentation of the WGI, interactive tools for exploring the data, and full access to the underlying source data available at www.govindicators.org.The WGI are produced by Daniel Kaufmann (Natural Resource Governance Institute and Brookings Institution) and Aart Kraay (World Bank Development Research Group).  Please cite Kaufmann, Daniel, Aart Kraay and Massimo Mastruzzi (2010).  ""The Worldwide Governance Indicators:  Methodology and Analytical Issues"".  World Bank Policy Research Working Paper No. 5430 (http://papers.ssrn.com/sol3/papers.cfm?abstract_id=1682130).  The WGI do not reflect the official views of the Natural Resource Governance Institute, the Brookings Institution, the World Bank, its Executive Directors, or the countries they represent.","","","","","","",
"RL.STD.ERR","","Rule of Law: Standard Error","","Rule of Law captures perceptions of the extent to which agents have confidence in and abide by the rules of society, and in particular the quality of contract enforcement, property rights, the police, and the courts, as well as the likelihood of crime and violence. Standard error indicates the precision of the estimate of governance.  Larger values of the standard error indicate less precise estimates.  A 90 percent confidence interval for the governance estimate is given by the estimate +/- 1.64 times the standard error.","","Annual","","","","","","","Detailed documentation of the WGI, interactive tools for exploring the data, and full access to the underlying source data available at www.govindicators.org.The WGI are produced by Daniel Kaufmann (Natural Resource Governance Institute and Brookings Institution) and Aart Kraay (World Bank Development Research Group).  Please cite Kaufmann, Daniel, Aart Kraay and Massimo Mastruzzi (2010).  ""The Worldwide Governance Indicators:  Methodology and Analytical Issues"".  World Bank Policy Research Working Paper No. 5430 (http://papers.ssrn.com/sol3/papers.cfm?abstract_id=1682130).  The WGI do not reflect the official views of the Natural Resource Governance Institute, the Brookings Institution, the World Bank, its Executive Directors, or the countries they represent.","","","","","","",
"RQ.EST","","Regulatory Quality: Estimate","","Regulatory Quality captures perceptions of the ability of the government to formulate and implement sound policies and regulations that permit and promote private sector development. Estimate gives the country's score on the aggregate indicator, in units of a standard normal distribution, i.e. ranging from approximately -2.5 to 2.5.","","Annual","","","","","","","Detailed documentation of the WGI, interactive tools for exploring the data, and full access to the underlying source data available at www.govindicators.org.The WGI are produced by Daniel Kaufmann (Natural Resource Governance Institute and Brookings Institution) and Aart Kraay (World Bank Development Research Group).  Please cite Kaufmann, Daniel, Aart Kraay and Massimo Mastruzzi (2010).  ""The Worldwide Governance Indicators:  Methodology and Analytical Issues"".  World Bank Policy Research Working Paper No. 5430 (http://papers.ssrn.com/sol3/papers.cfm?abstract_id=1682130).  The WGI do not reflect the official views of the Natural Resource Governance Institute, the Brookings Institution, the World Bank, its Executive Directors, or the countries they represent.","","","","","","",
"RQ.NO.SRC","","Regulatory Quality: Number of Sources","","Regulatory Quality captures perceptions of the ability of the government to formulate and implement sound policies and regulations that permit and promote private sector development. umber of sources indicates the number of underlying data sources on which the aggregate estimate is based.","","Annual","","","","","","","Detailed documentation of the WGI, interactive tools for exploring the data, and full access to the underlying source data available at www.govindicators.org.The WGI are produced by Daniel Kaufmann (Natural Resource Governance Institute and Brookings Institution) and Aart Kraay (World Bank Development Research Group).  Please cite Kaufmann, Daniel, Aart Kraay and Massimo Mastruzzi (2010).  ""The Worldwide Governance Indicators:  Methodology and Analytical Issues"".  World Bank Policy Research Working Paper No. 5430 (http://papers.ssrn.com/sol3/papers.cfm?abstract_id=1682130).  The WGI do not reflect the official views of the Natural Resource Governance Institute, the Brookings Institution, the World Bank, its Executive Directors, or the countries they represent.","","","","","","",
"RQ.PER.RNK","","Regulatory Quality: Percentile Rank","","Regulatory Quality captures perceptions of the ability of the government to formulate and implement sound policies and regulations that permit and promote private sector development. Percentile rank indicates the country's rank among all countries covered by the aggregate indicator, with 0 corresponding to lowest rank, and 100 to highest rank.  Percentile ranks have been adjusted to correct for changes over time in the composition of the countries covered by the WGI.","","Annual","","","","","","","Detailed documentation of the WGI, interactive tools for exploring the data, and full access to the underlying source data available at www.govindicators.org.The WGI are produced by Daniel Kaufmann (Natural Resource Governance Institute and Brookings Institution) and Aart Kraay (World Bank Development Research Group).  Please cite Kaufmann, Daniel, Aart Kraay and Massimo Mastruzzi (2010).  ""The Worldwide Governance Indicators:  Methodology and Analytical Issues"".  World Bank Policy Research Working Paper No. 5430 (http://papers.ssrn.com/sol3/papers.cfm?abstract_id=1682130).  The WGI do not reflect the official views of the Natural Resource Governance Institute, the Brookings Institution, the World Bank, its Executive Directors, or the countries they represent.","","","","","","",
"RQ.PER.RNK.LOWER","","Regulatory Quality: Percentile Rank, Lower Bound of 90% Confidence Interval","","Regulatory Quality captures perceptions of the ability of the government to formulate and implement sound policies and regulations that permit and promote private sector development. Percentile rank indicates the country's rank among all countries covered by the aggregate indicator, with 0 corresponding to lowest rank, and 100 to highest rank.  Percentile ranks have been adjusted to correct for changes over time in the composition of the countries covered by the WGI.  Percentile Rank Lower refers to lower bound of 90 percent confidence interval for governance, expressed in percentile rank terms.","","Annual","","","","","","","Detailed documentation of the WGI, interactive tools for exploring the data, and full access to the underlying source data available at www.govindicators.org.The WGI are produced by Daniel Kaufmann (Natural Resource Governance Institute and Brookings Institution) and Aart Kraay (World Bank Development Research Group).  Please cite Kaufmann, Daniel, Aart Kraay and Massimo Mastruzzi (2010).  ""The Worldwide Governance Indicators:  Methodology and Analytical Issues"".  World Bank Policy Research Working Paper No. 5430 (http://papers.ssrn.com/sol3/papers.cfm?abstract_id=1682130).  The WGI do not reflect the official views of the Natural Resource Governance Institute, the Brookings Institution, the World Bank, its Executive Directors, or the countries they represent.","","","","","","",
"RQ.PER.RNK.UPPER","","Regulatory Quality: Percentile Rank, Upper Bound of 90% Confidence Interval","","Regulatory Quality captures perceptions of the ability of the government to formulate and implement sound policies and regulations that permit and promote private sector development. Percentile rank indicates the country's rank among all countries covered by the aggregate indicator, with 0 corresponding to lowest rank, and 100 to highest rank.  Percentile ranks have been adjusted to correct for changes over time in the composition of the countries covered by the WGI.  Percentile Rank Upper refers to upper bound of 90 percent confidence interval for governance, expressed in percentile rank terms.","","Annual","","","","","","","Detailed documentation of the WGI, interactive tools for exploring the data, and full access to the underlying source data available at www.govindicators.org.The WGI are produced by Daniel Kaufmann (Natural Resource Governance Institute and Brookings Institution) and Aart Kraay (World Bank Development Research Group).  Please cite Kaufmann, Daniel, Aart Kraay and Massimo Mastruzzi (2010).  ""The Worldwide Governance Indicators:  Methodology and Analytical Issues"".  World Bank Policy Research Working Paper No. 5430 (http://papers.ssrn.com/sol3/papers.cfm?abstract_id=1682130).  The WGI do not reflect the official views of the Natural Resource Governance Institute, the Brookings Institution, the World Bank, its Executive Directors, or the countries they represent.","","","","","","",
"RQ.STD.ERR","","Regulatory Quality: Standard Error","","Regulatory Quality captures perceptions of the ability of the government to formulate and implement sound policies and regulations that permit and promote private sector development. Standard error indicates the precision of the estimate of governance.  Larger values of the standard error indicate less precise estimates.  A 90 percent confidence interval for the governance estimate is given by the estimate +/- 1.64 times the standard error.","","Annual","","","","","","","Detailed documentation of the WGI, interactive tools for exploring the data, and full access to the underlying source data available at www.govindicators.org.The WGI are produced by Daniel Kaufmann (Natural Resource Governance Institute and Brookings Institution) and Aart Kraay (World Bank Development Research Group).  Please cite Kaufmann, Daniel, Aart Kraay and Massimo Mastruzzi (2010).  ""The Worldwide Governance Indicators:  Methodology and Analytical Issues"".  World Bank Policy Research Working Paper No. 5430 (http://papers.ssrn.com/sol3/papers.cfm?abstract_id=1682130).  The WGI do not reflect the official views of the Natural Resource Governance Institute, the Brookings Institution, the World Bank, its Executive Directors, or the countries they represent.","","","","","","",
"VA.EST","","Voice and Accountability: Estimate","","Voice and Accountability captures perceptions of the extent to which a country's citizens are able to participate in selecting their government, as well as freedom of expression, freedom of association, and a free media. Estimate gives the country's score on the aggregate indicator, in units of a standard normal distribution, i.e. ranging from approximately -2.5 to 2.5.","","Annual","","","","","","","Detailed documentation of the WGI, interactive tools for exploring the data, and full access to the underlying source data available at www.govindicators.org.The WGI are produced by Daniel Kaufmann (Natural Resource Governance Institute and Brookings Institution) and Aart Kraay (World Bank Development Research Group).  Please cite Kaufmann, Daniel, Aart Kraay and Massimo Mastruzzi (2010).  ""The Worldwide Governance Indicators:  Methodology and Analytical Issues"".  World Bank Policy Research Working Paper No. 5430 (http://papers.ssrn.com/sol3/papers.cfm?abstract_id=1682130).  The WGI do not reflect the official views of the Natural Resource Governance Institute, the Brookings Institution, the World Bank, its Executive Directors, or the countries they represent.","","","","","","",
"VA.NO.SRC","","Voice and Accountability: Number of Sources","","Voice and Accountability captures perceptions of the extent to which a country's citizens are able to participate in selecting their government, as well as freedom of expression, freedom of association, and a free media.  Number of sources indicates the number of underlying data sources on which the aggregate estimate is based.","","Annual","","","","","","","Detailed documentation of the WGI, interactive tools for exploring the data, and full access to the underlying source data available at www.govindicators.org.The WGI are produced by Daniel Kaufmann (Natural Resource Governance Institute and Brookings Institution) and Aart Kraay (World Bank Development Research Group).  Please cite Kaufmann, Daniel, Aart Kraay and Massimo Mastruzzi (2010).  ""The Worldwide Governance Indicators:  Methodology and Analytical Issues"".  World Bank Policy Research Working Paper No. 5430 (http://papers.ssrn.com/sol3/papers.cfm?abstract_id=1682130).  The WGI do not reflect the official views of the Natural Resource Governance Institute, the Brookings Institution, the World Bank, its Executive Directors, or the countries they represent.","","","","","","",
"VA.PER.RNK","","Voice and Accountability: Percentile Rank","","Voice and Accountability captures perceptions of the extent to which a country's citizens are able to participate in selecting their government, as well as freedom of expression, freedom of association, and a free media. Percentile rank indicates the country's rank among all countries covered by the aggregate indicator, with 0 corresponding to lowest rank, and 100 to highest rank.  Percentile ranks have been adjusted to correct for changes over time in the composition of the countries covered by the WGI.","","Annual","","","","","","","Detailed documentation of the WGI, interactive tools for exploring the data, and full access to the underlying source data available at www.govindicators.org.The WGI are produced by Daniel Kaufmann (Natural Resource Governance Institute and Brookings Institution) and Aart Kraay (World Bank Development Research Group).  Please cite Kaufmann, Daniel, Aart Kraay and Massimo Mastruzzi (2010).  ""The Worldwide Governance Indicators:  Methodology and Analytical Issues"".  World Bank Policy Research Working Paper No. 5430 (http://papers.ssrn.com/sol3/papers.cfm?abstract_id=1682130).  The WGI do not reflect the official views of the Natural Resource Governance Institute, the Brookings Institution, the World Bank, its Executive Directors, or the countries they represent.","","","","","","",
"VA.PER.RNK.LOWER","","Voice and Accountability: Percentile Rank, Lower Bound of 90% Confidence Interval","","Voice and Accountability captures perceptions of the extent to which a country's citizens are able to participate in selecting their government, as well as freedom of expression, freedom of association, and a free media. Percentile rank indicates the country's rank among all countries covered by the aggregate indicator, with 0 corresponding to lowest rank, and 100 to highest rank.  Percentile ranks have been adjusted to correct for changes over time in the composition of the countries covered by the WGI. Percentile Rank Lower refers to lower bound of 90 percent confidence interval for governance, expressed in percentile rank terms.","","Annual","","","","","","","Detailed documentation of the WGI, interactive tools for exploring the data, and full access to the underlying source data available at www.govindicators.org.The WGI are produced by Daniel Kaufmann (Natural Resource Governance Institute and Brookings Institution) and Aart Kraay (World Bank Development Research Group).  Please cite Kaufmann, Daniel, Aart Kraay and Massimo Mastruzzi (2010).  ""The Worldwide Governance Indicators:  Methodology and Analytical Issues"".  World Bank Policy Research Working Paper No. 5430 (http://papers.ssrn.com/sol3/papers.cfm?abstract_id=1682130).  The WGI do not reflect the official views of the Natural Resource Governance Institute, the Brookings Institution, the World Bank, its Executive Directors, or the countries they represent.","","","","","","",
"VA.PER.RNK.UPPER","","Voice and Accountability: Percentile Rank, Upper Bound of 90% Confidence Interval","","Voice and Accountability captures perceptions of the extent to which a country's citizens are able to participate in selecting their government, as well as freedom of expression, freedom of association, and a free media. Percentile rank indicates the country's rank among all countries covered by the aggregate indicator, with 0 corresponding to lowest rank, and 100 to highest rank.  Percentile ranks have been adjusted to correct for changes over time in the composition of the countries covered by the WGI.  Percentile Rank Upper refers to upper bound of 90 percent confidence interval for governance, expressed in percentile rank terms.","","Annual","","","","","","","Detailed documentation of the WGI, interactive tools for exploring the data, and full access to the underlying source data available at www.govindicators.org.The WGI are produced by Daniel Kaufmann (Natural Resource Governance Institute and Brookings Institution) and Aart Kraay (World Bank Development Research Group).  Please cite Kaufmann, Daniel, Aart Kraay and Massimo Mastruzzi (2010).  ""The Worldwide Governance Indicators:  Methodology and Analytical Issues"".  World Bank Policy Research Working Paper No. 5430 (http://papers.ssrn.com/sol3/papers.cfm?abstract_id=1682130).  The WGI do not reflect the official views of the Natural Resource Governance Institute, the Brookings Institution, the World Bank, its Executive Directors, or the countries they represent.","","","","","","",
"VA.STD.ERR","","Voice and Accountability: Standard Error","","Voice and Accountability captures perceptions of the extent to which a country's citizens are able to participate in selecting their government, as well as freedom of expression, freedom of association, and a free media. Standard error indicates the precision of the estimate of governance.  Larger values of the standard error indicate less precise estimates.  A 90 percent confidence interval for the governance estimate is given by the estimate +/- 1.64 times the standard error.","","","","","","","","","","","","","","","",
